<?xml version="1.0" encoding="UTF-8"?>
<project-private xmlns="http://www.netbeans.org/ns/project-private/1">
    <editor-bookmarks xmlns="http://www.netbeans.org/ns/editor-bookmarks/2" lastBookmarkId="0"/>
    <open-files xmlns="http://www.netbeans.org/ns/projectui-open-files/2">
        <group>
            <file>file:/C:/Users/dikis/OneDrive/Documents/TUGAS%20KULIAH%20SEMESTER%202/FUNDAMENTALS%20OF%20PROGRAMMING%20WORKSHOP/PROGRAM%20JAVA/TOKO%20BAJU%20(backup)/src/tokobaju/koneksi.java</file>
            <file>file:/C:/Users/dikis/OneDrive/Documents/TUGAS%20KULIAH%20SEMESTER%202/FUNDAMENTALS%20OF%20PROGRAMMING%20WORKSHOP/PROGRAM%20JAVA/TOKO%20BAJU%20(backup)/src/tokobaju/login.java</file>
            <file>file:/C:/Users/dikis/OneDrive/Documents/TUGAS%20KULIAH%20SEMESTER%202/FUNDAMENTALS%20OF%20PROGRAMMING%20WORKSHOP/PROGRAM%20JAVA/TOKO%20BAJU%20(backup)/src/tokobaju/menu_transaksi.java</file>
            <file>file:/C:/Users/dikis/OneDrive/Documents/TUGAS%20KULIAH%20SEMESTER%202/FUNDAMENTALS%20OF%20PROGRAMMING%20WORKSHOP/PROGRAM%20JAVA/TOKO%20BAJU%20(backup)/src/tokobaju/menu.java</file>
            <file>file:/C:/Users/dikis/OneDrive/Documents/TUGAS%20KULIAH%20SEMESTER%202/FUNDAMENTALS%20OF%20PROGRAMMING%20WORKSHOP/PROGRAM%20JAVA/TOKO%20BAJU%20(backup)/src/tokobaju/menu_barang.java</file>
            <file>file:/C:/Users/dikis/OneDrive/Documents/TUGAS%20KULIAH%20SEMESTER%202/FUNDAMENTALS%20OF%20PROGRAMMING%20WORKSHOP/PROGRAM%20JAVA/TOKO%20BAJU%20(backup)/src/tokobaju/menu_registrasi.java</file>
            <file>file:/C:/Users/dikis/OneDrive/Documents/TUGAS%20KULIAH%20SEMESTER%202/FUNDAMENTALS%20OF%20PROGRAMMING%20WORKSHOP/PROGRAM%20JAVA/TOKO%20BAJU%20(backup)/src/tokobaju/toko_baju.java</file>
        </group>
    </open-files>
</project-private>
